{"stats":{"minecraft:used":{"minecraft:mangrove_log":2,"minecraft:muddy_mangrove_roots":4,"minecraft:stone_pickaxe":46,"minecraft:torch":4,"minecraft:dirt":1,"minecraft:cobblestone":1,"minecraft:mangrove_roots":11,"minecraft:cooked_beef":1},"minecraft:crafted":{"minecraft:cooked_beef":8,"minecraft:crafting_table":1,"minecraft:stick":4,"minecraft:stone_pickaxe":2,"minecraft:muddy_mangrove_roots":1,"minecraft:mangrove_planks":8,"minecraft:stone_axe":1,"minecraft:mangrove_wood":6},"minecraft:mined":{"minecraft:mud":22,"minecraft:iron_ore":1,"minecraft:mangrove_roots":68,"minecraft:moss_carpet":1,"minecraft:mangrove_leaves":85,"minecraft:torch":1,"minecraft:muddy_mangrove_roots":3,"minecraft:grass":4,"minecraft:grass_block":3,"minecraft:vine":19,"minecraft:dead_bush":1,"minecraft:mangrove_log":16,"minecraft:copper_ore":1,"minecraft:stone":43,"minecraft:mangrove_propagule":1,"minecraft:wall_torch":3},"minecraft:custom":{"minecraft:time_since_rest":20095,"minecraft:interact_with_furnace":2,"minecraft:sprint_one_cm":900,"minecraft:damage_taken":550,"minecraft:walk_one_cm":122506,"minecraft:drop":32,"minecraft:damage_dealt":80,"minecraft:interact_with_crafting_table":19,"minecraft:fly_one_cm":1084,"minecraft:open_chest":3,"minecraft:play_time":55398,"minecraft:deaths":2,"minecraft:sneak_time":31,"minecraft:walk_under_water_one_cm":7105,"minecraft:jump":490,"minecraft:leave_game":1,"minecraft:walk_on_water_one_cm":23011,"minecraft:time_since_death":31517,"minecraft:sleep_in_bed":3,"minecraft:climb_one_cm":6608,"minecraft:total_world_time":55398,"minecraft:fall_one_cm":5252},"minecraft:killed_by":{"minecraft:zombie":1},"minecraft:dropped":{"minecraft:dirt":2,"minecraft:moss_carpet":28,"minecraft:raw_copper":1,"minecraft:mangrove_propagule":1},"minecraft:picked_up":{"minecraft:raw_iron":1,"minecraft:mud":36,"minecraft:stick":5,"minecraft:muddy_mangrove_roots":6,"minecraft:torch":4,"minecraft:gravel":3,"minecraft:flint":2,"minecraft:moss_carpet":31,"minecraft:dirt":23,"minecraft:raw_copper":15,"minecraft:stone_axe":1,"minecraft:wheat_seeds":2,"minecraft:iron_helmet":1,"minecraft:stone_pickaxe":1,"minecraft:wooden_shovel":1,"minecraft:mangrove_roots":61,"minecraft:mangrove_planks":64,"minecraft:mangrove_propagule":3,"minecraft:mangrove_log":13,"minecraft:cobblestone":89}},"DataVersion":3465}