{"stats":{"minecraft:custom":{"minecraft:time_since_rest":2723,"minecraft:interact_with_furnace":2,"minecraft:sprint_one_cm":22336,"minecraft:damage_taken":130,"minecraft:walk_one_cm":12557,"minecraft:mob_kills":3,"minecraft:damage_dealt":240,"minecraft:interact_with_crafting_table":12,"minecraft:fly_one_cm":42714,"minecraft:crouch_one_cm":1109,"minecraft:play_time":11969,"minecraft:sneak_time":668,"minecraft:jump":201,"minecraft:leave_game":2,"minecraft:walk_on_water_one_cm":118,"minecraft:time_since_death":11969,"minecraft:sleep_in_bed":1,"minecraft:climb_one_cm":1454,"minecraft:total_world_time":11969,"minecraft:fall_one_cm":9144},"minecraft:crafted":{"minecraft:stone_shovel":1,"minecraft:crafting_table":1,"minecraft:stick":12,"minecraft:wooden_pickaxe":1,"minecraft:stone_pickaxe":1,"minecraft:stone_sword":1,"minecraft:furnace":1,"minecraft:white_bed":1,"minecraft:mangrove_planks":20,"minecraft:stone_axe":1,"minecraft:air":0,"minecraft:cooked_mutton":5},"minecraft:mined":{"minecraft:white_bed":1,"minecraft:furnace":1,"minecraft:mangrove_roots":1,"minecraft:pumpkin":3,"minecraft:mangrove_leaves":1,"minecraft:crafting_table":1,"minecraft:grass":2,"minecraft:grass_block":1,"minecraft:dirt":4,"minecraft:mangrove_log":5,"minecraft:stone":23,"minecraft:netherrack":1,"minecraft:mangrove_propagule":1},"minecraft:picked_up":{"minecraft:crafting_table":1,"minecraft:pumpkin":3,"minecraft:white_bed":1,"minecraft:dirt":5,"minecraft:moss_carpet":1,"minecraft:mangrove_roots":1,"minecraft:egg":1,"minecraft:netherrack":1,"minecraft:mutton":5,"minecraft:mangrove_log":5,"minecraft:white_wool":3,"minecraft:cobblestone":23,"minecraft:furnace":1},"minecraft:killed":{"minecraft:sheep":3},"minecraft:used":{"minecraft:cooked_mutton":2,"minecraft:moss_carpet":1,"minecraft:stone_pickaxe":22,"minecraft:wooden_pickaxe":3,"minecraft:netherrack":1,"minecraft:stone_axe":4,"minecraft:crafting_table":1,"minecraft:mangrove_roots":1,"minecraft:furnace":1,"minecraft:white_bed":1,"minecraft:egg":1}},"DataVersion":3465}