{"stats":{"minecraft:used":{"minecraft:stone_pickaxe":646,"minecraft:chest":1,"minecraft:wooden_pickaxe":31,"minecraft:wooden_shovel":8,"minecraft:torch":39,"minecraft:crafting_table":3,"minecraft:tuff":2,"minecraft:mud":21,"minecraft:wooden_axe":63,"minecraft:iron_pickaxe":4,"minecraft:gravel":3,"minecraft:stone_axe":27,"minecraft:cobblestone":66},"minecraft:broken":{"minecraft:stone_pickaxe":4},"minecraft:killed":{"minecraft:pig":2,"minecraft:bat":1,"minecraft:frog":2,"minecraft:zombie":2,"minecraft:chicken":2,"minecraft:cow":1},"minecraft:crafted":{"minecraft:wooden_shovel":1,"minecraft:crafting_table":2,"minecraft:wooden_pickaxe":2,"minecraft:mangrove_planks":76,"minecraft:stone_axe":2,"minecraft:air":0,"minecraft:wooden_hoe":1,"minecraft:stick":52,"minecraft:iron_ingot":3,"minecraft:iron_pickaxe":1,"minecraft:stone_pickaxe":6,"minecraft:wooden_axe":2,"minecraft:chest":1,"minecraft:torch":44},"minecraft:mined":{"minecraft:deepslate_redstone_ore":1,"minecraft:tuff":2,"minecraft:mangrove_roots":18,"minecraft:crafting_table":2,"minecraft:glow_lichen":1,"minecraft:granite":41,"minecraft:grass_block":1,"minecraft:cobblestone":1,"minecraft:tall_grass":2,"minecraft:copper_ore":1,"minecraft:deepslate_coal_ore":2,"minecraft:deepslate_gold_ore":2,"minecraft:diorite":20,"minecraft:tall_seagrass":1,"minecraft:mud":31,"minecraft:iron_ore":24,"minecraft:andesite":22,"minecraft:mangrove_leaves":35,"minecraft:grass":37,"minecraft:coal_ore":43,"minecraft:deepslate_iron_ore":9,"minecraft:vine":6,"minecraft:gravel":8,"minecraft:dirt":7,"minecraft:mangrove_log":20,"minecraft:stone":399,"minecraft:deepslate":83},"minecraft:custom":{"minecraft:interact_with_furnace":10,"minecraft:mob_kills":10,"minecraft:interact_with_crafting_table":11,"minecraft:leave_game":1,"minecraft:time_since_death":66,"minecraft:sleep_in_bed":4,"minecraft:climb_one_cm":8386,"minecraft:time_since_rest":96,"minecraft:sprint_one_cm":52162,"minecraft:damage_taken":1044,"minecraft:walk_one_cm":167512,"minecraft:drop":44,"minecraft:damage_dealt":1347,"minecraft:swim_one_cm":38681,"minecraft:fly_one_cm":28086,"minecraft:player_kills":1,"minecraft:crouch_one_cm":4031,"minecraft:play_time":83284,"minecraft:deaths":4,"minecraft:sneak_time":1204,"minecraft:walk_under_water_one_cm":14143,"minecraft:jump":1019,"minecraft:walk_on_water_one_cm":52382,"minecraft:total_world_time":83284,"minecraft:fall_one_cm":12838},"minecraft:killed_by":{"minecraft:skeleton":3},"minecraft:dropped":{"minecraft:furnace":1,"minecraft:moss_carpet":1,"minecraft:stone_axe":1,"minecraft:raw_copper":56,"minecraft:raw_iron":8,"minecraft:mangrove_propagule":1,"minecraft:cobblestone":74,"minecraft:mangrove_planks":68,"minecraft:coal":32,"minecraft:wooden_shovel":1,"minecraft:stone_pickaxe":9},"minecraft:picked_up":{"minecraft:mud":34,"minecraft:crafting_table":2,"minecraft:chicken":2,"minecraft:andesite":22,"minecraft:leather":1,"minecraft:wooden_pickaxe":1,"minecraft:tuff":2,"minecraft:dirt":8,"minecraft:moss_carpet":5,"minecraft:raw_copper":56,"minecraft:raw_gold":2,"minecraft:wheat_seeds":4,"minecraft:cobbled_deepslate":83,"minecraft:beef":3,"minecraft:stone_pickaxe":9,"minecraft:wooden_shovel":1,"minecraft:mangrove_planks":98,"minecraft:mangrove_log":19,"minecraft:furnace":1,"minecraft:stick":21,"minecraft:raw_iron":41,"minecraft:gravel":8,"minecraft:porkchop":4,"minecraft:diorite":22,"minecraft:redstone":5,"minecraft:granite":41,"minecraft:mangrove_roots":20,"minecraft:mangrove_propagule":3,"minecraft:coal":92,"minecraft:cobblestone":451}},"DataVersion":3465}