{"stats":{"minecraft:used":{"minecraft:cooked_mutton":4,"minecraft:acacia_boat":6,"minecraft:stone_sword":75,"minecraft:stone_pickaxe":35,"minecraft:wooden_pickaxe":7,"minecraft:torch":11,"minecraft:dirt":14,"minecraft:crafting_table":6,"minecraft:red_bed":1,"minecraft:white_bed":4,"minecraft:grass_block":1,"minecraft:stone_axe":96,"minecraft:mangrove_roots":4,"minecraft:furnace":3,"minecraft:cooked_beef":6},"minecraft:broken":{"minecraft:stone_axe":1},"minecraft:killed":{"minecraft:spider":2,"minecraft:frog":6,"minecraft:sheep":22,"minecraft:skeleton":2,"minecraft:zombie":7,"minecraft:enderman":4,"minecraft:cow":20},"minecraft:crafted":{"minecraft:cooked_beef":16,"minecraft:red_dye":3,"minecraft:stone_shovel":1,"minecraft:crafting_table":2,"minecraft:wooden_pickaxe":1,"minecraft:red_bed":1,"minecraft:furnace":1,"minecraft:red_wool":3,"minecraft:mangrove_planks":44,"minecraft:stone_axe":2,"minecraft:cooked_mutton":4,"minecraft:acacia_boat":1,"minecraft:air":0,"minecraft:stick":16,"minecraft:stone_pickaxe":1,"minecraft:stone_sword":1,"minecraft:white_bed":4,"minecraft:acacia_planks":12,"minecraft:torch":20,"minecraft:mangrove_slab":30},"minecraft:mined":{"minecraft:red_bed":1,"minecraft:mangrove_roots":2,"minecraft:crafting_table":4,"minecraft:acacia_log":3,"minecraft:grass_block":6,"minecraft:poppy":3,"minecraft:tall_grass":3,"minecraft:sugar_cane":12,"minecraft:furnace":2,"minecraft:mud":10,"minecraft:pumpkin":5,"minecraft:mangrove_leaves":6,"minecraft:grass":13,"minecraft:coal_ore":13,"minecraft:vine":6,"minecraft:dirt":8,"minecraft:mangrove_log":14,"minecraft:stone":23},"minecraft:custom":{"minecraft:interact_with_furnace":18,"minecraft:mob_kills":63,"minecraft:interact_with_crafting_table":17,"minecraft:time_since_death":119136,"minecraft:sleep_in_bed":2,"minecraft:climb_one_cm":7409,"minecraft:time_since_rest":81247,"minecraft:sprint_one_cm":146475,"minecraft:damage_taken":500,"minecraft:walk_one_cm":116874,"minecraft:drop":5,"minecraft:damage_dealt":7560,"minecraft:swim_one_cm":15982,"minecraft:fly_one_cm":278501,"minecraft:crouch_one_cm":2883,"minecraft:play_time":119136,"minecraft:sneak_time":76625,"minecraft:walk_under_water_one_cm":2443,"minecraft:boat_one_cm":90,"minecraft:jump":1300,"minecraft:walk_on_water_one_cm":4423,"minecraft:total_world_time":119136,"minecraft:fall_one_cm":34218},"minecraft:dropped":{"minecraft:mud":13},"minecraft:picked_up":{"minecraft:crafting_table":4,"minecraft:mud":14,"minecraft:cooked_beef":1,"minecraft:leather":14,"minecraft:acacia_boat":6,"minecraft:string":1,"minecraft:dirt":14,"minecraft:red_bed":1,"minecraft:bone":3,"minecraft:wheat_seeds":3,"minecraft:beef":52,"minecraft:poppy":3,"minecraft:sugar_cane":23,"minecraft:mangrove_log":14,"minecraft:furnace":2,"minecraft:stick":2,"minecraft:pumpkin":5,"minecraft:acacia_log":3,"minecraft:grass_block":2,"minecraft:arrow":4,"minecraft:rotten_flesh":5,"minecraft:mangrove_roots":6,"minecraft:black_wool":1,"minecraft:coal":22,"minecraft:mutton":35,"minecraft:white_wool":22,"minecraft:cobblestone":23,"minecraft:ender_pearl":3}},"DataVersion":3465}