{"stats":{"minecraft:used":{"minecraft:moss_carpet":2,"minecraft:stone_pickaxe":389,"minecraft:iron_helmet":1,"minecraft:wooden_pickaxe":30,"minecraft:iron_boots":1,"minecraft:wooden_shovel":25,"minecraft:cobblestone":9,"minecraft:crafting_table":1,"minecraft:mangrove_roots":8,"minecraft:furnace":2,"minecraft:cooked_porkchop":1,"minecraft:cooked_beef":1},"minecraft:broken":{"minecraft:stone_pickaxe":2},"minecraft:crafted":{"minecraft:cooked_beef":1,"minecraft:wooden_shovel":1,"minecraft:iron_boots":1,"minecraft:iron_chestplate":1,"minecraft:cooked_porkchop":1,"minecraft:crafting_table":1,"minecraft:stick":36,"minecraft:iron_helmet":2,"minecraft:iron_ingot":34,"minecraft:wooden_pickaxe":1,"minecraft:stone_pickaxe":10,"minecraft:iron_leggings":1,"minecraft:furnace":1,"minecraft:mangrove_planks":124,"minecraft:air":0},"minecraft:mined":{"minecraft:tall_seagrass":6,"minecraft:white_bed":1,"minecraft:furnace":2,"minecraft:mud":7,"minecraft:iron_ore":34,"minecraft:mangrove_roots":9,"minecraft:moss_carpet":2,"minecraft:crafting_table":1,"minecraft:mangrove_leaves":47,"minecraft:grass":2,"minecraft:grass_block":5,"minecraft:coal_ore":65,"minecraft:vine":5,"minecraft:gravel":6,"minecraft:dirt":13,"minecraft:mangrove_log":30,"minecraft:copper_ore":17,"minecraft:stone":257,"minecraft:diorite":33},"minecraft:custom":{"minecraft:time_since_rest":10962,"minecraft:interact_with_furnace":17,"minecraft:sprint_one_cm":6163,"minecraft:damage_taken":501,"minecraft:walk_one_cm":124313,"minecraft:drop":13,"minecraft:damage_dealt":74,"minecraft:interact_with_crafting_table":8,"minecraft:fly_one_cm":3269,"minecraft:open_chest":1,"minecraft:crouch_one_cm":1321,"minecraft:play_time":35336,"minecraft:deaths":1,"minecraft:sneak_time":320,"minecraft:walk_under_water_one_cm":6627,"minecraft:jump":282,"minecraft:leave_game":1,"minecraft:walk_on_water_one_cm":9279,"minecraft:time_since_death":10926,"minecraft:sleep_in_bed":1,"minecraft:climb_one_cm":2065,"minecraft:total_world_time":35336,"minecraft:fall_one_cm":2744},"minecraft:dropped":{"minecraft:raw_copper":13},"minecraft:killed_by":{"minecraft:player":1},"minecraft:picked_up":{"minecraft:crafting_table":1,"minecraft:mud":7,"minecraft:stick":4,"minecraft:raw_iron":42,"minecraft:gravel":4,"minecraft:flint":2,"minecraft:diorite":34,"minecraft:dirt":18,"minecraft:moss_carpet":4,"minecraft:raw_copper":106,"minecraft:stone_pickaxe":8,"minecraft:mangrove_roots":11,"minecraft:mangrove_planks":46,"minecraft:coal":123,"minecraft:mangrove_propagule":1,"minecraft:mangrove_log":31,"minecraft:cobblestone":340,"minecraft:furnace":3}},"DataVersion":3465}