{"stats":{"minecraft:used":{"minecraft:mud":29,"minecraft:stone_sword":4,"minecraft:stone_pickaxe":72,"minecraft:stone_shovel":40,"minecraft:wooden_pickaxe":5,"minecraft:wooden_shovel":16,"minecraft:stone_axe":7,"minecraft:crafting_table":2,"minecraft:furnace":2,"minecraft:white_bed":1,"minecraft:cooked_beef":5},"minecraft:killed":{"minecraft:sheep":1,"minecraft:pig":2,"minecraft:frog":1,"minecraft:cow":3},"minecraft:crafted":{"minecraft:cooked_beef":5,"minecraft:wooden_shovel":1,"minecraft:stone_shovel":1,"minecraft:crafting_table":2,"minecraft:stick":12,"minecraft:wooden_pickaxe":1,"minecraft:stone_pickaxe":1,"minecraft:stone_sword":1,"minecraft:furnace":1,"minecraft:mangrove_planks":24,"minecraft:stone_axe":1,"minecraft:air":0,"minecraft:cooked_mutton":1},"minecraft:mined":{"minecraft:furnace":1,"minecraft:mud":48,"minecraft:iron_ore":2,"minecraft:mangrove_roots":3,"minecraft:mangrove_leaves":6,"minecraft:crafting_table":1,"minecraft:grass":4,"minecraft:grass_block":1,"minecraft:vine":3,"minecraft:dirt":4,"minecraft:mangrove_log":12,"minecraft:stone":69,"minecraft:diorite":2,"minecraft:mangrove_propagule":1},"minecraft:custom":{"minecraft:time_since_rest":10985,"minecraft:interact_with_furnace":13,"minecraft:sprint_one_cm":74381,"minecraft:damage_taken":350,"minecraft:walk_one_cm":76976,"minecraft:mob_kills":7,"minecraft:drop":1,"minecraft:damage_dealt":723,"minecraft:swim_one_cm":5398,"minecraft:interact_with_crafting_table":5,"minecraft:fly_one_cm":46095,"minecraft:crouch_one_cm":1786,"minecraft:play_time":48761,"minecraft:sneak_time":467,"minecraft:walk_under_water_one_cm":4281,"minecraft:jump":488,"minecraft:leave_game":2,"minecraft:time_since_death":48761,"minecraft:walk_on_water_one_cm":4485,"minecraft:sleep_in_bed":2,"minecraft:total_world_time":48761,"minecraft:climb_one_cm":4466,"minecraft:fall_one_cm":8444},"minecraft:dropped":{"minecraft:white_wool":1},"minecraft:picked_up":{"minecraft:crafting_table":1,"minecraft:mud":57,"minecraft:stick":2,"minecraft:raw_iron":2,"minecraft:leather":4,"minecraft:porkchop":5,"minecraft:diorite":2,"minecraft:white_bed":1,"minecraft:dirt":5,"minecraft:moss_carpet":2,"minecraft:wheat_seeds":2,"minecraft:beef":5,"minecraft:mangrove_roots":7,"minecraft:mutton":1,"minecraft:mangrove_propagule":1,"minecraft:mangrove_log":13,"minecraft:white_wool":1,"minecraft:cobblestone":66,"minecraft:furnace":1}},"DataVersion":3465}